{"helper": [[[0.10043956000000001, 39.8995606], [63.899561559999995, 39.8995606], [63.899561559999995, 0.10043860000000678], [0.10043956000000001, 0.10043860000000678]], [[0.0, 28.0], [64.0, 28.0], [64.0, 22.0], [0.0, 22.0]], [[0.0, 2.0], [2.0, 2.0], [2.0, 0.0], [0.0, 0.0]]], "lane": [[[45.0, 8.0], [37.0, 18.0], [43.0, 18.0], [51.0, 8.0]], [[51.0, 8.0], [59.0, 18.0], [53.0, 18.0], [45.0, 8.0]], [[5.0, 38.0], [59.0, 38.0], [59.0, 32.0], [5.0, 32.0]], [[0.0, 18.0], [43.0, 18.0], [43.0, 12.0], [0.0, 12.0]], [[37.0, 38.0], [43.0, 38.0], [43.0, 18.0], [37.0, 18.0]], [[45.0, 12.0], [51.0, 12.0], [51.0, 0.0], [45.0, 0.0]], [[5.0, 38.0], [11.0, 38.0], [11.0, 0.0], [5.0, 0.0]], [[53.0, 38.0], [59.0, 38.0], [59.0, 18.0], [53.0, 18.0]]], "crosswalk": [[[37.0, 32.0], [43.0, 32.0], [43.0, 30.0], [37.0, 30.0]], [[5.0, 32.0], [11.0, 32.0], [11.0, 30.0], [5.0, 30.0]], [[53.0, 32.0], [59.0, 32.0], [59.0, 30.0], [53.0, 30.0]], [[53.0, 20.0], [59.0, 20.0], [59.0, 18.0], [53.0, 18.0]], [[37.0, 20.0], [43.0, 20.0], [43.0, 18.0], [37.0, 18.0]], [[45.0, 8.0], [51.0, 8.0], [51.0, 6.0], [45.0, 6.0]], [[5.0, 20.0], [11.0, 20.0], [11.0, 18.0], [5.0, 18.0]], [[5.0, 12.0], [11.0, 12.0], [11.0, 10.0], [5.0, 10.0]], [[3.0, 18.0], [5.0, 18.0], [5.0, 12.0], [3.0, 12.0]], [[11.0, 18.0], [13.0, 18.0], [13.0, 12.0], [11.0, 12.0]], [[35.0, 18.0], [37.0, 18.0], [37.0, 12.0], [35.0, 12.0]]], "obstacle": [[[41.800000000000004, 8.0], [41.800000000000004, 12.0], [45.0, 8.0]], [[59.0, 8.0], [59.0, 18.0], [51.0, 8.0]], [[48.0, 11.600000000000001], [53.0, 18.0], [43.0, 18.0]], [[13.0, 10.0], [15.0, 10.0], [15.0, 4.0], [13.0, 4.0]], [[17.0, 10.0], [19.0, 10.0], [19.0, 4.0], [17.0, 4.0]], [[21.0, 10.0], [23.0, 10.0], [23.0, 4.0], [21.0, 4.0]], [[25.0, 10.0], [27.0, 10.0], [27.0, 4.0], [25.0, 4.0]], [[29.0, 10.0], [31.0, 10.0], [31.0, 4.0], [29.0, 4.0]], [[33.0, 10.0], [35.0, 10.0], [35.0, 4.0], [33.0, 4.0]], [[37.0, 10.0], [39.0, 10.0], [39.0, 4.0], [37.0, 4.0]], [[51.0, 6.0], [51.2, 6.0], [51.2, 0.0], [51.0, 0.0]], [[44.800000000000004, 6.0], [45.0, 6.0], [45.0, 0.0], [44.800000000000004, 0.0]], [[11.0, 10.0], [11.200000000000001, 10.0], [11.200000000000001, 0.0], [11.0, 0.0]], [[4.800000000000001, 10.0], [5.0, 10.0], [5.0, 0.0], [4.800000000000001, 0.0]], [[5.0, 38.2], [59.0, 38.2], [59.0, 38.0], [5.0, 38.0]], [[4.800000000000001, 38.2], [5.0, 38.2], [5.0, 32.0], [4.800000000000001, 32.0]], [[59.0, 38.2], [59.2, 38.2], [59.2, 32.0], [59.0, 32.0]], [[4.800000000000001, 30.0], [5.0, 30.0], [5.0, 28.0], [4.800000000000001, 28.0]], [[11.0, 30.0], [11.200000000000001, 30.0], [11.200000000000001, 28.0], [11.0, 28.0]], [[36.800000000000004, 30.0], [37.0, 30.0], [37.0, 28.0], [36.800000000000004, 28.0]], [[43.0, 30.0], [43.2, 30.0], [43.2, 28.0], [43.0, 28.0]], [[52.800000000000004, 30.0], [53.0, 30.0], [53.0, 28.0], [52.800000000000004, 28.0]], [[59.0, 30.0], [59.2, 30.0], [59.2, 28.0], [59.0, 28.0]], [[59.0, 22.0], [59.2, 22.0], [59.2, 20.0], [59.0, 20.0]], [[52.800000000000004, 22.0], [53.0, 22.0], [53.0, 20.0], [52.800000000000004, 20.0]], [[43.0, 22.0], [43.2, 22.0], [43.2, 20.0], [43.0, 20.0]], [[36.800000000000004, 22.0], [37.0, 22.0], [37.0, 20.0], [36.800000000000004, 20.0]], [[11.0, 22.0], [11.200000000000001, 22.0], [11.200000000000001, 20.0], [11.0, 20.0]], [[4.800000000000001, 22.0], [5.0, 22.0], [5.0, 20.0], [4.800000000000001, 20.0]], [[0.0, 18.2], [3.0, 18.2], [3.0, 18.0], [0.0, 18.0]], [[0.0, 12.0], [3.0, 12.0], [3.0, 11.8], [0.0, 11.8]]]}